{
  "KAN-Payne": {
    "atm_quality_fraction": 0.9526,
    "chi2_cut": 32.701242027282724,
    "chi2_median_atm_quality": 3.949164867401123,
    "mae_cut": 410.715368347168,
    "mae_x1e4_median_atm_quality": 149.8819122314453,
    "n_atm_quality": 9526,
    "n_success": 10000,
    "n_total": 10000
  },
  "Payne-MLP": {
    "atm_quality_fraction": 0.9244,
    "chi2_cut": 32.24626224517825,
    "chi2_median_atm_quality": 3.869143486022949,
    "mae_cut": 413.12466400146496,
    "mae_x1e4_median_atm_quality": 149.6810760498047,
    "n_atm_quality": 9244,
    "n_success": 10000,
    "n_total": 10000
  },
  "TransformerPayne": {
    "atm_quality_fraction": 0.9408,
    "chi2_cut": 48.172278327942095,
    "chi2_median_atm_quality": 5.233949661254883,
    "mae_cut": 451.0303674316406,
    "mae_x1e4_median_atm_quality": 168.57447814941406,
    "n_atm_quality": 9408,
    "n_success": 10000,
    "n_total": 10000
  }
}
