{
  "quality": [
    {
      "chi2_mad_sigma": 1.8594885576725004,
      "chi2_max": 21.195913314819418,
      "chi2_mean": 4.6148349995524995,
      "chi2_median": 3.4416286945343018,
      "chi2_n": 6603,
      "chi2_p16": 2.137017221450806,
      "chi2_p84": 7.219017200469967,
      "chi2_std": 3.2753899886759483,
      "fit_file": "data/processed/formal_a100_10k_20260620_161437/apogee_inference_10k_payne_norm/apogee_fit_payne_mlp_10k_payne_norm.npz",
      "label": "Payne-MLP",
      "mae_x1e4_mad_sigma": 53.99775975952148,
      "mae_x1e4_max": 380.46460083007855,
      "mae_x1e4_mean": 152.70338656009372,
      "mae_x1e4_median": 141.43081665039062,
      "mae_x1e4_n": 6603,
      "mae_x1e4_p16": 96.07893035888672,
      "mae_x1e4_p84": 208.74003784179686,
      "mae_x1e4_std": 59.605619152127936,
      "model": "payne_mlp",
      "n_quality": 6603,
      "n_success": 10000,
      "n_total": 10000,
      "quality_fraction": 0.6603,
      "success_fraction": 1.0
    },
    {
      "chi2_mad_sigma": 2.228874515390396,
      "chi2_max": 15.253396282196045,
      "chi2_mean": 4.586786105412078,
      "chi2_median": 3.644986629486084,
      "chi2_n": 1642,
      "chi2_p16": 2.067406873703003,
      "chi2_p84": 7.333111877441406,
      "chi2_std": 2.878913136753895,
      "fit_file": "data/processed/formal_a100_10k_20260620_161437/apogee_inference_10k_payne_norm/apogee_fit_kan_payne_10k_payne_norm.npz",
      "label": "KAN-Payne",
      "mae_x1e4_mad_sigma": 44.689578620910645,
      "mae_x1e4_max": 320.62371948242185,
      "mae_x1e4_mean": 140.28401774407595,
      "mae_x1e4_median": 133.2230682373047,
      "mae_x1e4_n": 1642,
      "mae_x1e4_p16": 93.50571655273437,
      "mae_x1e4_p84": 185.69276733398436,
      "mae_x1e4_std": 48.205672739028515,
      "model": "kan_payne",
      "n_quality": 1642,
      "n_success": 10000,
      "n_total": 10000,
      "quality_fraction": 0.1642,
      "success_fraction": 1.0
    },
    {
      "chi2_mad_sigma": 3.9568249102592468,
      "chi2_max": 40.68459426879883,
      "chi2_mean": 8.132186988402118,
      "chi2_median": 5.4292662143707275,
      "chi2_n": 5006,
      "chi2_p16": 2.7931639194488525,
      "chi2_p84": 14.11066837310791,
      "chi2_std": 7.010824375742582,
      "fit_file": "data/processed/formal_a100_10k_20260620_161437/apogee_inference_10k_payne_norm/apogee_fit_transformer_payne_10k_payne_norm.npz",
      "label": "TransformerPayne",
      "mae_x1e4_mad_sigma": 65.80496662902831,
      "mae_x1e4_max": 415.4137524414063,
      "mae_x1e4_mean": 178.89617803560654,
      "mae_x1e4_median": 167.47660064697266,
      "mae_x1e4_n": 5006,
      "mae_x1e4_p16": 111.97541046142578,
      "mae_x1e4_p84": 246.5582489013672,
      "mae_x1e4_std": 67.67250955761396,
      "model": "transformer_payne",
      "n_quality": 5006,
      "n_success": 10000,
      "n_total": 10000,
      "quality_fraction": 0.5006,
      "success_fraction": 1.0
    }
  ],
  "residuals": [
    {
      "aspcap_label": "TEFF",
      "axis_label": "$T_{\\rm eff}$",
      "label": "Teff",
      "mad_sigma": 115.4907755859375,
      "mean": -48.319051125257936,
      "median": -57.85595703125,
      "model": "payne_mlp",
      "n": 6603,
      "p16": -167.53972656250002,
      "p84": 69.92183593749999,
      "std": 129.21123446156335,
      "unit": "K"
    },
    {
      "aspcap_label": "LOGG",
      "axis_label": "$\\log g$",
      "label": "logg",
      "mad_sigma": 0.20431002430915832,
      "mean": 0.11634283134716308,
      "median": 0.11617827415466309,
      "model": "payne_mlp",
      "n": 6603,
      "p16": -0.09303985595703125,
      "p84": 0.32686321735382073,
      "std": 0.22605486843001785,
      "unit": "dex"
    },
    {
      "aspcap_label": "FE_H",
      "axis_label": "[Fe/H]",
      "label": "Fe_H",
      "mad_sigma": 0.08431101930141449,
      "mean": 0.0669522591016825,
      "median": 0.05548149347305298,
      "model": "payne_mlp",
      "n": 6603,
      "p16": -0.020815032161772256,
      "p84": 0.15365606784820557,
      "std": 0.09757012774969297,
      "unit": "dex"
    },
    {
      "aspcap_label": "TEFF",
      "axis_label": "$T_{\\rm eff}$",
      "label": "Teff",
      "mad_sigma": 68.15580249023436,
      "mean": -61.83173908414852,
      "median": -66.305908203125,
      "model": "kan_payne",
      "n": 1642,
      "p16": -132.215400390625,
      "p84": 6.485156250000019,
      "std": 75.80397647693788,
      "unit": "K"
    },
    {
      "aspcap_label": "LOGG",
      "axis_label": "$\\log g$",
      "label": "logg",
      "mad_sigma": 0.16126591166853904,
      "mean": 0.13589808427877315,
      "median": 0.14398318529129028,
      "model": "kan_payne",
      "n": 1642,
      "p16": -0.02548229694366455,
      "p84": 0.30387989044189456,
      "std": 0.1899594166022477,
      "unit": "dex"
    },
    {
      "aspcap_label": "FE_H",
      "axis_label": "[Fe/H]",
      "label": "Fe_H",
      "mad_sigma": 0.0404475359223783,
      "mean": 0.0336701274240031,
      "median": 0.030506372451782227,
      "model": "kan_payne",
      "n": 1642,
      "p16": -0.007336833477020264,
      "p84": 0.07618674755096437,
      "std": 0.0450747185555051,
      "unit": "dex"
    },
    {
      "aspcap_label": "TEFF",
      "axis_label": "$T_{\\rm eff}$",
      "label": "Teff",
      "mad_sigma": 135.73861772460936,
      "mean": -95.91349901602452,
      "median": -95.321533203125,
      "model": "transformer_payne",
      "n": 5006,
      "p16": -231.69619140625,
      "p84": 32.866015624999996,
      "std": 129.1342179422504,
      "unit": "K"
    },
    {
      "aspcap_label": "LOGG",
      "axis_label": "$\\log g$",
      "label": "logg",
      "mad_sigma": 0.20486445672512052,
      "mean": 0.14593923682606655,
      "median": 0.1554606854915619,
      "model": "transformer_payne",
      "n": 5006,
      "p16": -0.059175920486450186,
      "p84": 0.35831744670867915,
      "std": 0.2328033486975379,
      "unit": "dex"
    },
    {
      "aspcap_label": "FE_H",
      "axis_label": "[Fe/H]",
      "label": "Fe_H",
      "mad_sigma": 0.05605281679630279,
      "mean": 0.03475059319191355,
      "median": 0.028485506772994995,
      "model": "transformer_payne",
      "n": 5006,
      "p16": -0.02343373894691467,
      "p84": 0.09264298677444457,
      "std": 0.0649882249052291,
      "unit": "dex"
    }
  ]
}